id,rome,intitule,entreprise,lieu,salaire,contrat,recupere_le
5879612260,D1301,Responsable magasin F/H,SALIS,"MORANGIS, 91432",40 - 50 K€ BRUT ANNUEL,CDI,2026-09-29
5886031009,D1301,Responsable Magasin - 15 F/H,Groupe OpenSourcing,"MAURIAC, 15120",34 - 35 K€ BRUT ANNUEL,CDI,2026-09-29
5876983559,D1301,Responsable magasin alimentaire F/H,Mercato de l'emploi,"LYON 01, 69381",37 - 40 K€ BRUT ANNUEL,CDI,2026-09-29
5893876878,D1301,Responsable de magasin F/H,Andrew Staffing,"EVRY COURCOURONNES, 91228",32 - 38 K€ BRUT ANNUEL,CDI,2026-09-29
5884541306,D1301,responsable de magasin/showroom F/H,Mercato de l'emploi,"REIMS, 51454",24 - 38 K€ BRUT ANNUEL,CDI,2026-09-29
5894617929,D1301,Responsable magasin (F/H),Carrefour,"OCCITANIE, GÉNÉRAC",2400.00€ - 2500.00€ MOIS,,2026-09-29
5895169492,D1301,Responsable de magasin F/H,Talents Commerciaux,"ANNEMASSE, 74012",35 - 40 K€ BRUT ANNUEL,CDI,2026-09-29
5886031043,D1301,Responsable Magasin - 38 F/H,Groupe OpenSourcing,"ST ETIENNE DE ST GEOIRS, 38384",34 - 35 K€ BRUT ANNUEL,CDI,2026-09-29
5876988488,D1301,Responsable de magasin F/H,Andrew Staffing,"THOIRY, 01419",30 - 36 K€ BRUT ANNUEL,,2026-09-29
5878315697,D1301,Responsable de magasin F/H,CRIT Paris Prestige,"PARIS 01, 75101",40 - 45 K€ BRUT ANNUEL,,2026-09-29
5866968992,D1301,Directeur de magasin F/H,Wise RH,"PORTES LES VALENCE, 26252",36 - 40 K€ BRUT ANNUEL,,2026-09-29
5866955410,D1301,Directeur Supermarché F/H,ID Talent,"ST SULPICE ET CAMEYRAC, 33483",40 - 50 K€ BRUT ANNUEL,,2026-09-29
5895168495,D1301,Directeur de magasin F/H,Cystemid,"CAPBRETON, 40065",40 - 60 K€ BRUT ANNUEL,,2026-09-29
5875064747,D1301,Directeur de magasin (F/H),Carrefour,"BRETAGNE, GUINGAMP",4000€ - 5000€ MOIS,,2026-09-29
5871849665,D1301,Directeur de magasin - CDI F/H,RH & You,"BLOIS, 41018",36 - 42 K€ BRUT ANNUEL,CDI,2026-09-29
5887579954,D1301,Directeur de magasin F/H,Frino Gerarda,"THIAIS, 94073",A PARTIR DE 40 K€ BRUT ANNUEL,,2026-09-29
5894617977,D1301,Directeur de magasin (F/H),Carrefour,"NORMANDIE, LE HAVRE",3000.00€ - 3500.00€ MOIS,,2026-09-29
5893876840,D1302,Responsable de boutique F/H,Andrew Staffing,"PARIS 01, 75101",25 - 32 K€ BRUT ANNUEL,,2026-09-29
5884232938,D1302,Responsable de boutique,UNIK&CO,MIRAMAS,27600 € PAR AN,,2026-09-29
5898259356,D1302,Responsable de boutique lifestyle F/H,Andrew Staffing,"CORBEIL ESSONNES, 91174",30 - 33 K€ BRUT ANNUEL,,2026-09-29
5893876804,D1509,Responsable régional F/H,Andrew Staffing,"STRASBOURG, 67482",40 - 50 K€ BRUT ANNUEL,,2026-09-29
5887613910,D1509,Area Sales Manager (h/f),LHH Recruitment Solutions,"SAINT-POL-SUR-MER, 59430",100000€ PAR AN,,2026-09-29
5886037793,D1302,Manager de Point de Vente F/H,McDonald's,"ASSEVILLERS, 80033",25 - 30 K€ BRUT ANNUEL,,2026-09-29
5902777967,D1301,Manager de Rayon Grande Distribution Alimentaire F/H,Alphaconseil,"LE MOULE, 97117",A PARTIR DE 26 K€ BRUT ANNUEL,,2026-09-29
5884502664,M1704,Responsable de clientèle H/F,Switch,"PARIS, PARIS, 75017",39000€ À 45000€ PAR AN,,2026-09-29
5897822757,M1704,Responsable relation clients (H/F),Domino RH,NANTES,25000 € PAR AN,,2026-09-29
5875469149,M1707,Directeur commercial - Management et développement F/H,Mercato de l'emploi,"EPINAL, 88160",48 - 55 K€ BRUT ANNUEL,,2026-09-29
5887579938,M1707,Chargé de développement commercial F/H,FindYourStaff Collective,"PARIS 04, 75104",35 - 45 K€ BRUT ANNUEL,,2026-09-29
5902718202,M1707,Responsable Commercial(e) Export - H/F - CDI,Puissance CAP,"MONTPELLIER, HÉRAULT, 34000",50000€ À 55000€ PAR AN,CDI,2026-09-29
5876987461,H1102,Ingénieur d'affaires F/H,Pichon Magalie,"AIX EN PROVENCE, 13001",A PARTIR DE 32 K€ BRUT ANNUEL,,2026-09-29
5871834857,H1102,Ingénieur d'affaires / Business manager F/H,Eng'In Technologies,"CANNES, 06029",45 - 55 K€ BRUT ANNUEL,,2026-09-29
5884533744,H1102,Ingénieur d'affaires F/H,Bureau des Talents,"BOULOGNE BILLANCOURT, 92012",33 - 45 K€ BRUT ANNUEL,,2026-09-29
5878349544,H1102,Ingénieur d'affaires F/H,AGAP2,"GRENOBLE, 38185",40 - 50 K€ BRUT ANNUEL,,2026-09-29
5871851096,M1707,Business Developer F/H,L Media,"PARIS 14, 75114",A PARTIR DE 32 K€ BRUT ANNUEL,,2026-09-29
5870493132,M1707,Business Developer F/H,Corhom,"TROYES, 10387",38 - 48 K€ BRUT ANNUEL,,2026-09-29
5901471976,M1707,Business Developer,Voltae,"PARIS, PARIS, 75009",45000€ À 50000€ PAR AN,,2026-09-29
5898245512,M1707,Commercial Export F/H,Anjubault Mhaouri Marianne,"PARIS 01, 75101",45 - 60 K€ BRUT ANNUEL,,2026-09-29
5870487217,M1707,Commercial(e) Export Agent - F/H,Find Your Staff,"LYON 01, 69381",36 - 42 K€ BRUT ANNUEL,,2026-09-29
5887582627,M1707,Chargé Développement Commercial F/H,Iziwork,"LAVERUNE, 34134",24 - 26 K€ BRUT ANNUEL,,2026-09-29
5886034676,M1707,Commercial export et ADV F/H,Version CC,"GOUSSAINVILLE, 95280",42 - 48 K€ BRUT ANNUEL,,2026-09-29
5879291078,D1301,Directeur de magasin,Elan Rh,Essonne,45000 - 70000 € BRUT ANNUEL,,2026-10-06
5912040373,D1301,Directeur de magasin,Sl Recrutement,Toulouse,59000 - 63000 € BRUT ANNUEL,,2026-10-06
5912059501,D1301,Directeur de Magasin,Approche Directe,Saint-Léger-Sous-Cho,50000 - 55000 € BRUT ANNUEL,,2026-10-06
5875478427,D1301,Directeur de magasin,Rh & You,Besancon,36000 - 42000 € BRUT ANNUEL,CDI,2026-10-06
5905493725,D1301,Directeur de magasin – Hypermarché,Storme Rh,St Paul,48000 € BRUT ANNUEL,,2026-10-06
5912059942,D1301,Directeur de Magasin,Work & You,Angers,30000 - 40000 € BRUT ANNUEL,,2026-10-06
5907884651,D1301,Directeur de magasin,Fab Group,La Teste-De-Buch,70000 - 90000 € BRUT ANNUEL,,2026-10-06
5903827339,D1301,Directeur de magasin itinérant,Wise Rh,Villefranche Sur Sao,42000 - 45000 € BRUT ANNUEL,,2026-10-06
5912040218,D1301,Directeur Adjoint magasin,Sl Recrutement,Bressuire,35000 € BRUT ANNUEL,,2026-10-06
5912059946,D1301,Directeur de Magasin,Work & You,Le Mans,30000 - 40000 € BRUT ANNUEL,,2026-10-06
5895168547,D1301,DIRECTEUR DE MAGASIN DE PROXIMITÉ,Codistri,Valenciennes,36000 - 40000 € BRUT ANNUEL,,2026-10-06
5886037988,D1301,Directeur de Magasin - Retail et Performance,Harry Hope,Paris,40000 € BRUT ANNUEL,,2026-10-06
5884542566,D1301,Directeur de magasin en animalerie,Rh & You,Arles,30000 - 35000 € BRUT ANNUEL,,2026-10-06
5884542561,D1301,Directeur de magasin en animalerie,Rh & You,Villiers Sur Marne,30000 - 35000 € BRUT ANNUEL,,2026-10-06
5913224705,D1301,Leader Performance Magasin - de l'Audit au Pi,Leroy Merlin,Boé,45000 - 50000 € BRUT ANNUEL,,2026-10-06
5886955893,D1301,Directeur de Magasin - Retail et Performance,Harry Hope,Paris,40000 € BRUT ANNUEL,,2026-10-06
5895168443,D1301,Directeur de magasin,Intersport,Ste Eulalie,37000 € BRUT ANNUEL,,2026-10-06
5903499939,D1301,Directeur de Magasin,Sgdb Francesgdbf,Argenteuil,52000 - 55000 € BRUT ANNUEL,,2026-10-06
5912060211,D1301,Directeur de Magasin Enseigne Nationale,Work & You,Poitiers,50000 - 60000 € BRUT ANNUEL,,2026-10-06
5902774413,D1301,Directeur de magasin,Actual Talent,Thionville,35000 € BRUT ANNUEL,,2026-10-06
5912059014,D1301,Directeur de Magasin,Echopulse Conseil,Thiais,34000 - 35000 € BRUT ANNUEL,,2026-10-06
5909425352,D1301,Directeur de magasin en animalerie,Rh & You,Beynost,30000 - 35000 € BRUT ANNUEL,,2026-10-06
5879288406,D1301,Responsable de magasin,Gifi Réseau,Angoulême,37000 - 38000 € BRUT ANNUEL,,2026-10-06
5890549786,D1301,Directeur de magasin,Decor Discount,Toulouse,32000 - 36000 € BRUT ANNUEL,,2026-10-06
5886955625,D1301,Directeur Magasin Paris,Aquantis,Paris,33000 - 35000 € BRUT ANNUEL,,2026-10-06
5902774152,D1301,Directeur de magasin,Devred Sas,Etrembieres,28000 - 32000 € BRUT ANNUEL,CDI,2026-10-06
5895169190,D1301,Directeur de Magasin,Approche Directe,Clisson,40000 - 45000 € BRUT ANNUEL,,2026-10-06
5909896904,D1301,Directeur de magasin,Fed Business,Lyon,40000 - 45000 € BRUT ANNUEL,,2026-10-06
5912059367,D1301,Responsable Magasin - 15,Opensourcing,Mauriac,34000 € BRUT ANNUEL,,2026-10-06
5876987096,D1301,Directeur de Magasin,B&M France Sas,Plaisir,37000 € BRUT ANNUEL,,2026-10-06
5890199179,D1301,DIRECTEUR DE MAGASIN,Tande'M,L'Isle-D'Abeau,34000 - 38000 € BRUT ANNUEL,,2026-10-06
5899629504,D1301,Directeur magasin,Cartercash,Caudan,38000 - 50000 € BRUT ANNUEL,,2026-10-06
5902351701,D1301,Responsable de magasin,Une Recherche Confiden,Saint-Gildas-De-Rhuy,20000 - 30000 € BRUT ANNUEL,,2026-10-06
5890199198,D1301,Responsable de Magasin,Studio Recrutement,Portes-Lès-Valence,31500 € BRUT ANNUEL,,2026-10-06
5902303490,D1301,Responsable Magasin - 01,Groupe Opensourcing,Oyonnax,34000 € BRUT ANNUEL,,2026-10-06
5903827571,D1301,Responsable Magasin - 15,Groupe Opensourcing,Mauriac,34000 - 35000 € BRUT ANNUEL,,2026-10-06
5902327087,D1301,Responsable de magasin,Groupe Opensourcing,Paris,30000 - 35000 € BRUT ANNUEL,,2026-10-06
5912058915,D1301,Responsable de Magasin,Opensourcing,Bobigny,30000 - 35000 € BRUT ANNUEL,,2026-10-06
5912059349,D1301,Responsable Adjoint Magasin,Cabinet De Recrutement,Hanches,22800 € BRUT ANNUEL,,2026-10-06
5913232531,D1301,Responsable de Magasin,Andrew Staffing,Paris,35000 - 38000 € BRUT ANNUEL,,2026-10-06
5895094427,D1301,Responsable de magasin Prêt-à-porter,Actual Talent,Lyon,25000 - 40000 € BRUT ANNUEL,,2026-10-06
5912059514,D1301,Responsable Magasin,Manpower,Norroy-Le-Veneur,57140 € BRUT ANNUEL,,2026-10-06
5912058922,D1301,Responsable de Magasin,Work & You,Vernouillet,30000 - 40000 € BRUT ANNUEL,,2026-10-06
5898224217,D1301,RESPONSABLE MAGASIN ADJOINT,Adjust Rh,Le Port,28000 € BRUT ANNUEL,,2026-10-06
5912059200,D1301,Responsable de Magasin,Acting Rh,Saint-Paul-Lès-Romans,35000 - 42000 € BRUT ANNUEL,,2026-10-06
5912059679,D1301,Responsable de Magasin,Talents Commerciaux,Annemasse,30000 - 35000 € BRUT ANNUEL,,2026-10-06
5893876296,D1301,Responsable de magasin alimentaire,Mercato De L'Emploi,Pontarlier,35000 - 39000 € BRUT ANNUEL,,2026-10-06
5903825790,D1301,Responsable Magasin - IDF,Groupe Opensourcing,Choisy Le Roi,34000 - 35000 € BRUT ANNUEL,,2026-10-06
5912059868,D1301,Manager Retail Cosmétique - Responsable Adjoint,Allintalent,Longwy,30000 - 35000 € BRUT ANNUEL,,2026-10-06
5912060177,D1301,Responsable de Magasin,Les Colettes,Langogne,34428 - 40000 € BRUT ANNUEL,,2026-10-06
5900170982,D1301,Responsable de Magasin,Dor Digital,Paris,33000 - 36000 € BRUT ANNUEL,,2026-10-06
5879609532,D1301,Responsable Magasin,Generation Y,Anglure,35000 - 45000 € BRUT ANNUEL,,2026-10-06
5912059639,D1301,Adjoint Responsable de Magasin,Synergie,Miramont-De-Guyenne,25000 - 30000 € BRUT ANNUEL,,2026-10-06
5886029615,D1301,Adjoint de Direction de Magasin,B&M France Sas,Kingersheim,27000 € BRUT ANNUEL,,2026-10-06
5893406649,D1301,Directeur Adjoint de Magasin,Reseau Magasin,Sarcelles,30000 - 38000 € BRUT ANNUEL,,2026-10-06
5902772967,D1301,Responsable adjoint de magasin,Andrew Staffing,Anglet,25000 - 28000 € BRUT ANNUEL,,2026-10-06
5902775376,D1301,Adjoint de Direction de Magasin,B&M France Sas,Nancy,27000 € BRUT ANNUEL,,2026-10-06
5894782789,D1301,Directeur adjoint Magasin,Paris Store,Paris,26000 - 31000 € BRUT ANNUEL,,2026-10-06
5879612108,D1301,Directeur adjoint de magasin,Nextgen Rh,Gennevilliers,33000 - 42000 € BRUT ANNUEL,,2026-10-06
5886955680,D1301,Responsable Adjoint de Magasin,Andrew Staffing,Roissy-En-Brie,28000 - 32500 € BRUT ANNUEL,,2026-10-06
5902303950,D1301,Responsable Magasin Adjoint - 86,Groupe Opensourcing,Montmorillon,27000 € BRUT ANNUEL,,2026-10-06
5912059651,D1301,Responsable de Magasin Adjoint,Adecco,Reims,23000 - 23500 € BRUT ANNUEL,,2026-10-06
5886955584,D1301,Responsable Adjoint de Magasin,Andrew Staffing,Paris,24000 - 27000 € BRUT ANNUEL,,2026-10-06
5903827573,D1301,Responsable Magasin Adjoint - 13,Groupe Opensourcing,Arles,27000 - 28000 € BRUT ANNUEL,,2026-10-06
5912059644,D1301,Responsable Adjoint de Magasin,Adecco,Saint-Berthevin,26000 - 32000 € BRUT ANNUEL,,2026-10-06
5912058995,D1301,Responsable Adjoint de Magasin,Dor Digital,Paris,30000 - 33000 € BRUT ANNUEL,,2026-10-06
5893425890,D1301,Adjoint Responsable Magasin,Michael Page,Rambouillet,55000 - 58000 € BRUT ANNUEL,,2026-10-06
5895169388,D1301,Directeur adjoint de magasin - Les Abymes,Aventurine Rh,Myans,29000 - 34000 € BRUT ANNUEL,,2026-10-06
5902342120,D1301,Responsable Magasin Adjoint - 30,Groupe Opensourcing,Nîmes,28400 - 30000 € BRUT ANNUEL,,2026-10-06
5912042404,D1301,Directeur Adjoint de Magasin,Reseau Magasin,Meaux,30000 - 38000 € BRUT ANNUEL,,2026-10-06
5899584822,D1301,Responsable adjoint de magasin,Crit Toulon,Toulon,25000 - 30000 € BRUT ANNUEL,,2026-10-06
5912059511,D1301,Responsable Magasin Adjoint - 30,Opensourcing,Nîmes,28400 - 30000 € BRUT ANNUEL,,2026-10-06
5913387872,D1301,Responsable adjoint de magasin,Size-Factory,Paris,26600 € BRUT ANNUEL,,2026-10-06
5876991830,D1301,Responsable de magasin adjoint,Les Colettes Sourcing,Publier,28000 € BRUT ANNUEL,,2026-10-06
5912060146,D1301,Responsable de Magasin Adjoint,Les Colettes,Ferney-Voltaire,28356 € BRUT ANNUEL,,2026-10-06
5902303524,D1301,Responsable Magasin Adjoint - 01,Groupe Opensourcing,Beynost,27000 - 28000 € BRUT ANNUEL,,2026-10-06
5893406683,D1301,Responsable Adjoint de Magasin,Promod,Paris,25000 - 28000 € BRUT ANNUEL,,2026-10-06
5902750861,D1301,Adjoint responsable de magasin,Aquila Rh Saint-Brieuc,Saint-Brieuc,22000 - 25000 € BRUT ANNUEL,,2026-10-06
5896301645,D1301,Responsable Adjoint de Magasin,Gifi Réseau,Briançon,29000 € BRUT ANNUEL,,2026-10-06
5902761836,D1301,Responsable Adjoint Magasin,Lign7,St Paul,38000 - 42000 € BRUT ANNUEL,,2026-10-06
5912060147,D1301,Adjoint Responsable de Magasin,Synergie,Chablis,30000 - 35000 € BRUT ANNUEL,,2026-10-06
5903825785,D1301,Responsable Magasin Adjoint - IDF,Groupe Opensourcing,Choisy Le Roi,27000 - 28000 € BRUT ANNUEL,,2026-10-06
5902739997,D1301,Directeur Adjoint de magasin,Nous Anti-Gaspi,Paris,29160 - 31160 € BRUT ANNUEL,,2026-10-06
5895169921,D1301,RESPONSABLE ADJOINT DE MAGASIN,Carredor,Paris,30000 € BRUT ANNUEL,,2026-10-06
5912059593,D1301,Store Manager,Approach People Recruitment,Lyons-La-Forêt,50000 - 55000 € BRUT ANNUEL,,2026-10-06
5886955484,D1301,Store Manager,Bureau Des Talents,Paris,40000 - 60000 € BRUT ANNUEL,,2026-10-06
5882210387,D1301,Store Manager - Solaris,Sunglass Hut France,Bordeaux,25000 - 28000 € BRUT ANNUEL,,2026-10-06
5902771669,D1301,Store Manager,Talents Executive,Nice,35000 - 40000 € BRUT ANNUEL,,2026-10-06
5913232515,D1301,Store Manager,Les Nouveaux Héritiers,Les Clayes-Sous-Bois,33000 - 38000 € BRUT ANNUEL,,2026-10-06
5912060313,D1301,Store Manager,Talents Commerciaux,Nice,38000 - 40000 € BRUT ANNUEL,,2026-10-06
5889147276,D1301,Store Manager,Bureau Des Talents,Thiais,40000 - 60000 € BRUT ANNUEL,,2026-10-06
5886955466,D1301,Responsable de Magasin,Adecco,Paris,35000 - 40000 € BRUT ANNUEL,,2026-10-06
5902778717,D1301,Store Manager Starbucks,Starbucks,Lyon,25000 - 30000 € BRUT ANNUEL,,2026-10-06
5890558628,D1301,Store manager enseigne japonaise PAP déco,Harry Hope,Paris,45000 € BRUT ANNUEL,,2026-10-06
5886956050,D1301,Store Manager Enseigne Japonaise PAP Déco,Harry Hope,Paris,45000 - 55000 € BRUT ANNUEL,,2026-10-06
5886955954,D1301,Store Manager - Responsable Magasin,Ms Talent Consulting,Le Bourget,42000 - 45000 € BRUT ANNUEL,,2026-10-06
5886955412,D1301,Store Manager Parigi,Michael Page,Paris,35000 - 40000 € BRUT ANNUEL,CDD,2026-10-06
5893875749,D1301,Directeur de magasin,Devred Sas,Tours,30000 - 32000 € BRUT ANNUEL,CDI,2026-10-06
5905493228,D1301,Directeur de magasin,Devred Sas,Villeneuve D Ascq,28000 - 32000 € BRUT ANNUEL,CDI,2026-10-06
5912059402,D1301,Gérant de Magasin,Work & You,Quimperlé,25000 - 30000 € BRUT ANNUEL,,2026-10-06
5898219739,D1509,Chef de secteur des ventes,Aquila Rh Coutances,Agneaux,30000 - 35000 € BRUT ANNUEL,,2026-10-06
5903842557,D1301,Responsable adjoint de magasin,Andrew Staffing,Paris,24000 - 27000 € BRUT ANNUEL,,2026-10-06
5895162632,D1509,Sales Area Manager,Aramine,Aix En Provence,36000 € BRUT ANNUEL,,2026-10-06
5886955656,D1509,District Manager - Leader International Self,Emerite Rh,Antony,64600 - 79000 € BRUT ANNUEL,,2026-10-06
5902761629,D1509,Chef de Région Animation & Merch. - Lyon,Mgs Sales & Marketing,Limonest,30000 - 33000 € BRUT ANNUEL,,2026-10-06
5890201098,D1509,Directeur régional,Emerite Rh,Antony,64600 - 79000 € BRUT ANNUEL,,2026-10-06
5902761588,D1509,Directeur Régional - Retail,Talents Commerciaux,Lille,40000 - 55000 € BRUT ANNUEL,,2026-10-06
5907925482,D1509,Directeur Régional Centre,Tape À L'Oeil,Tours,40000 - 50000 € BRUT ANNUEL,,2026-10-06
5904827589,D1509,Directeur Régions,Mlr Partner,Reims,100000 - 120000 € BRUT ANNUEL,,2026-10-06
5902770438,D1509,Responsable Commerce Régional,Agem,Cherre Au,43000 € BRUT ANNUEL,,2026-10-06
5913388087,D1509,Directeur Régions,Mlr Partner,Marseille,100000 - 120000 € BRUT ANNUEL,,2026-10-06
5903499886,D1509,Directeur régional,Pumsgdbf,Fonbeauzard,70000 - 90000 € BRUT ANNUEL,,2026-10-06
5895160459,D1509,Directeur Régional,Fressnapf I Maxi Zoo,Cahors,45000 - 50000 € BRUT ANNUEL,,2026-10-06
5913244090,D1509,Responsable Région,Les Nouveaux Héritiers,Paris,50000 - 60000 € BRUT ANNUEL,,2026-10-06
5886960072,D1509,Directeur Régional - Réseau Pharmacies,Uptoo,Paris,62000 - 70000 € BRUT ANNUEL,,2026-10-06
5899002947,D1509,Directeur de Région,Groupe Excent,Nantes,60000 - 70000 € BRUT ANNUEL,,2026-10-06
5902746021,D1509,Directeur régional,Hart Conseil & Recrutement,Les Sables-D'Olonne,90000 € BRUT ANNUEL,,2026-10-06
5893882265,D1509,Responsable régional - Univers de la téléphonie,Andrew Staffing,Nice,40000 - 60000 € BRUT ANNUEL,,2026-10-06
5877977027,D1509,Responsable Régional Réseau,Ovelink,Haute-Garonne,42000 - 45000 € BRUT ANNUEL,,2026-10-06
5886955663,D1509,Responsable de Zone - Retail,Andrew Staffing,Paris,60000 - 80000 € BRUT ANNUEL,,2026-10-06
5913233515,M1704,Customer Success Manager,Woven Partners,Paris,55000 - 58000 € BRUT ANNUEL,,2026-10-06
5873215036,M1704,Customer Success Manager,Simplébo,Paris,34000 - 36000 € BRUT ANNUEL,,2026-10-06
5900742703,M1704,Customer Success Manager,Sidecare,Paris,36000 € BRUT ANNUEL,,2026-10-06
5900744542,M1704,Customer Success Manager,Yokitup,Paris,38000 - 40000 € BRUT ANNUEL,,2026-10-06
5911648198,M1704,Customer Success Manager SMB,Choosemycompany,Paris,35000 - 40000 € BRUT ANNUEL,,2026-10-06
5911678549,M1704,Customer Success Manager,Twc,Paris,35000 - 40000 € BRUT ANNUEL,,2026-10-06
5896697502,M1704,Customer Success Manager Monétique,Jdc Sa,La Montagne,30000 - 35000 € BRUT ANNUEL,,2026-10-06
5900733168,M1704,Customer Success Manager,Semji,Lyon,47000 - 52000 € BRUT ANNUEL,,2026-10-06
5882756809,M1704,Customer Success Manager,Mayday,Paris,48000 - 53000 € BRUT ANNUEL,,2026-10-06
5885633118,M1704,Customer Success Manager,All Manager,Vitrolles,38000 - 40000 € BRUT ANNUEL,,2026-10-06
5901712474,M1704,Customer Success Manager,Kel Foncier,Paris,40000 € BRUT ANNUEL,,2026-10-06
5887575655,M1704,Customer Success Manager (CSM),Vif,La Chapelle-Sur-Erdre,36000 - 50000 € BRUT ANNUEL,,2026-10-06
5898521030,M1704,Customer Success Manager – Strategic Accounts,Click2Buy,Lille,32000 - 40000 € BRUT ANNUEL,,2026-10-06
5900717863,M1704,Customer success Manager / PMO,Abraxio,Lyon,50000 - 55000 € BRUT ANNUEL,,2026-10-06
5888365407,M1704,Customer Success Manager,Zvoove Group Gmbh,Paris,60000 - 66000 € BRUT ANNUEL,,2026-10-06
5887965977,M1704,Customer Success Manager (CSM) Confirmé Grands Comptes,Dream Catcher Sales,Paris,40000 € BRUT ANNUEL,,2026-10-06
5898519474,M1704,Customer Success Manager - Foodtech,Foodflow,Paris,30000 - 55000 € BRUT ANNUEL,,2026-10-06
5900740932,M1704,Customer Success Manager Senior,Diduenjoy,Paris,50000 - 60000 € BRUT ANNUEL,,2026-10-06
5902775220,M1704,Customer Success Manager CDI Lyon,Momento,Lyon,30000 € BRUT ANNUEL,CDI,2026-10-06
5902552275,M1704,Customer Success Manager,Orfeo Sas,Rennes,36000 - 44000 € BRUT ANNUEL,,2026-10-06
5902761653,M1704,Customer Success Manager - Espagne,Rosen Et Beaumont,Lyon,35000 - 40000 € BRUT ANNUEL,,2026-10-06
5890816086,M1704,Customer Success Manager,Kraaft,Paris,35000 - 44993 € BRUT ANNUEL,,2026-10-06
5905496820,M1704,Customer Success Manager – Large Market,Hellowork,Rennes,39000 - 46000 € BRUT ANNUEL,,2026-10-06
5904033732,M1704,Customer Success Manager - Retail Tech,Licorne Society,Clichy,50000 € BRUT ANNUEL,,2026-10-06
5876988295,M1704,Customer success manager cybersecurity,Intrinsec Securite,Courbevoie,48000 - 50000 € BRUT ANNUEL,,2026-10-06
5876983941,M1704,Customer Success Manager HR tech,Flatchr,Boulogne-Billancourt,40000 - 50000 € BRUT ANNUEL,,2026-10-06
5904043267,M1704,Customer Success Manager B2B,Mobile.Club,Paris,40000 € BRUT ANNUEL,,2026-10-06
5909427236,M1704,Customer Success Manager,Crescendo Villeurbanne,Jonage,32000 - 41000 € BRUT ANNUEL,,2026-10-06
5874265376,M1704,Customer Success Manager,Empowill,Paris,45000 - 50000 € BRUT ANNUEL,CDI,2026-10-06
5903827342,M1704,Customer success specialist,Cofabrik Rh,Montpellier,28000 - 36000 € BRUT ANNUEL,,2026-10-06
5900552903,M1704,Responsable Relation Client,Actual Talent,Manom,25000 € BRUT ANNUEL,,2026-10-06
5885630868,M1704,Responsable relation client pro,Synoptic Rh,Toulouse,28000 - 33000 € BRUT ANNUEL,,2026-10-06
5904499671,M1704,"Responsable d'équipe relation client, Junior",Jobtailor,Orléans,38000 - 52000 € BRUT ANNUEL,,2026-10-06
5898211865,M1704,Responsable relation clients,Domino Rh - Staff Nantes,Nantes,25000 - 30000 € BRUT ANNUEL,,2026-10-06
5913210986,M1704,Responsable service client,Nous Recrutons,Grenoble,55000 - 75000 € BRUT ANNUEL,,2026-10-06
5913242073,M1704,Responsable de la Relation Client,Label Blouse,Gondecourt,30000 - 40000 € BRUT ANNUEL,,2026-10-06
5898519660,M1704,Responsable Relation Client,Action Logement,Metz,20000 - 25000 € BRUT ANNUEL,,2026-10-06
5890549845,M1704,Responsable Service Client,Talentiel R.H.,Wissous,45000 - 55000 € BRUT ANNUEL,,2026-10-06
5876126543,M1704,Responsable Service Client,Robert Half,Montigny-Le-Bretonneux,45000 - 55000 € BRUT ANNUEL,,2026-10-06
5905721195,M1704,Responsable du Service Clients,Lhh Recruitment Solutions,Montpellier,35000 € BRUT ANNUEL,,2026-10-06
5904499026,M1704,Responsable Service clients International,Michael Page,Contres,52000 - 76000 € BRUT ANNUEL,,2026-10-06
5896708340,M1704,Responsable Service Clientèle,Partnaire Recrutement,Toussieu,40000 - 45000 € BRUT ANNUEL,,2026-10-06
5909254104,M1704,Responsable Service Client,Disposur,Toulouse,32000 - 36000 € BRUT ANNUEL,,2026-10-06
5897065977,M1704,Responsable Relation Client,Homeserve,Valognes,35000 - 40000 € BRUT ANNUEL,,2026-10-06
5902770546,M1704,Responsable service client,Spartoo,Grenoble,30000 - 45000 € BRUT ANNUEL,,2026-10-06
5896712933,M1704,Responsable Service Client,Behive Company,Toulouse,30000 - 35000 € BRUT ANNUEL,,2026-10-06
5898224598,M1704,Responsable relation client,Partnaire Cherbourg,Cherbourg-En-Cotentin,30000 € BRUT ANNUEL,,2026-10-06
5893882835,M1704,Responsable service client,Andrew Staffing,Orleans,36000 - 41000 € BRUT ANNUEL,,2026-10-06
5882785303,M1704,Chargé de Relation Clientèle Affacturage,Bibby Factor France,Lyon,32000 - 40000 € BRUT ANNUEL,,2026-10-06
5903810646,M1704,Responsable Service Clientèle,Crit Angers,Beaucouzé,30000 - 35000 € BRUT ANNUEL,,2026-10-06
5876988881,M1704,Responsable Service Client Transport,Industry Executive,Toulouse,36000 - 40000 € BRUT ANNUEL,,2026-10-06
5878684612,M1704,Responsable Pôle Relation Client,Cellance,Lyon,50000 - 60000 € BRUT ANNUEL,,2026-10-06
5904499252,M1704,Responsable Service Clients,Missnumerique,Jarville-La-Malgrange,38000 - 52000 € BRUT ANNUEL,,2026-10-06
5884537523,M1704,Responsable Service Clients,My Supply,Montsoult,45000 - 55000 € BRUT ANNUEL,,2026-10-06
5909254343,M1704,Responsable Service et Relation Client Magasin,Leroy Merlin,Aubagne,30600 - 34300 € BRUT ANNUEL,,2026-10-06
5876841793,M1704,Responsable Service Client Régional,Mewa,Toussieu,44200 - 52000 € BRUT ANNUEL,,2026-10-06
5904500391,M1704,Responsable Service Client,Brico Depôt,Lexy,32000 - 46000 € BRUT ANNUEL,,2026-10-06
5904500037,M1704,Responsable service client,Wink,Paris,65000 - 90000 € BRUT ANNUEL,,2026-10-06
5903775154,M1704,Responsable Customer Success,Le Cabrh,Gainneville,45000 - 50000 € BRUT ANNUEL,,2026-10-06
5895356013,M1704,Chargé d'expérience client,Hinq.,Albertville,30000 - 36000 € BRUT ANNUEL,,2026-10-06
5893411701,M1704,Chargé d'Expérience Client,Brand Sisters,Paris,35000 - 45000 € BRUT ANNUEL,,2026-10-06
5912042544,M1704,Customer Experience Manager Constructeur Auto,Michael Page,Courbevoie,65000 - 75000 € BRUT ANNUEL,,2026-10-06
5910848145,M1704,Responsable service client,Totalenergies Group,,45000 - 65000 € BRUT ANNUEL,,2026-10-06
5900708544,M1704,Customer Care Account Manager,Onepilot,Paris,36000 - 42000 € BRUT ANNUEL,,2026-10-06
5897064908,M1704,Customer Care Account Manager - German,Onepilot,Paris,36000 - 45000 € BRUT ANNUEL,,2026-10-06
5873215824,D1402,Key Account Manager,Yavin,Paris,60000 € BRUT ANNUEL,CDI,2026-10-06
5880465226,D1402,Key Account Manager / KAM - Lyon,Find Your Staff,Lyon,30000 - 32000 € BRUT ANNUEL,,2026-10-06
5897907353,D1402,Key Account Manager,Kyosei,Paris,70000 - 75000 € BRUT ANNUEL,,2026-10-06
5905496828,D1402,Key Account Manager,Fed Business,Sin-Le-Noble,40000 - 60000 € BRUT ANNUEL,,2026-10-06
5884105738,D1402,Key Account Manager,Michael Page,Versailles,55000 - 70000 € BRUT ANNUEL,,2026-10-06
5886034596,D1402,Key Account Manager,Medigreen/Pharmagreen,Villard-Bonnot,35000 - 50000 € BRUT ANNUEL,,2026-10-06
5900720240,D1402,Senior Key Account Manager,The Jungle,Paris,62000 - 75000 € BRUT ANNUEL,,2026-10-06
5884106006,D1402,Key Account Manager,Michael Page,Paris,50000 - 65000 € BRUT ANNUEL,,2026-10-06
5885444893,D1402,Key Account Manager,Fed Group,Rueil-Malmaison,65000 - 70000 € BRUT ANNUEL,,2026-10-06
5884503924,D1402,Key Account Manager,Pep'S Advisory,Biot,70000 - 80000 € BRUT ANNUEL,,2026-10-06
5913241593,D1402,Key Account Manager,Rubix France,Lyon,48000 - 60000 € BRUT ANNUEL,,2026-10-06
5909426452,D1402,Key account manager (Responsable grands comptes),Purecontrol,Rennes,40000 - 47000 € BRUT ANNUEL,,2026-10-06
5879287735,D1402,Key Account Manager International SaaS,Emerite Rh,Paris,60000 - 84000 € BRUT ANNUEL,,2026-10-06
5874266089,D1402,Manager équipe KAM Grands Comptes,Helloasso,Bègles,50000 € BRUT ANNUEL,,2026-10-06
5905885169,D1402,Key account Manager - packaging haut de gamme,Scalers France,Lieusaint,45000 € BRUT ANNUEL,,2026-10-06
5882211217,D1402,Key Account Manager France,Atral Group,Paris,45000 - 55000 € BRUT ANNUEL,,2026-10-06
5884106018,D1402,Key Account Manager - Banque Finance et Assurance,Alten,Paris,72000 € BRUT ANNUEL,,2026-10-06
5904385610,D1402,Key Account Manager International - Industrie,Talents Commerciaux,Lyon,65000 - 75000 € BRUT ANNUEL,,2026-10-06
5903475459,D1402,Key Account Manager,Oméa,Lyon,35000 - 50000 € BRUT ANNUEL,,2026-10-06
5877977591,D1402,Key Account Manager / Responsable Grands Comptes,Orso & Paoli,Rouen,55000 - 70000 € BRUT ANNUEL,,2026-10-06
5900713463,D1402,Strategic Account Manager,Amazingcontent,Paris,50000 - 60000 € BRUT ANNUEL,,2026-10-06
5900747068,D1402,Key Account Manager Confirmé - SaaS B2B,Wizville,Paris,55000 - 60000 € BRUT ANNUEL,,2026-10-06
5884105803,D1402,Key Account Manager - Telecom,Alten,Boulogne-Billancourt,72000 € BRUT ANNUEL,,2026-10-06
5885667896,D1402,Key Account Manager National,Nxtfood,Quiéry-La-Motte,70000 € BRUT ANNUEL,,2026-10-06
5884105571,D1402,Key Account Manager OOH,Michael Page,Issy-Les-Moulineaux,85000 - 100000 € BRUT ANNUEL,,2026-10-06
5903812523,D1402,Key Account Manager,Actual Talent,Paris,55000 - 60000 € BRUT ANNUEL,,2026-10-06
5884105804,D1402,Key Account Manager GSS,Michael Page,Paris,75000 - 95000 € BRUT ANNUEL,,2026-10-06
5913243655,D1402,Key Account Manager,Mabéo Industries,Lyon,60000 - 75000 € BRUT ANNUEL,,2026-10-06
5904385475,D1402,Account Manager,New Way Partners,,65000 - 80000 € BRUT ANNUEL,,2026-10-06
5907370465,D1402,Responsable Grands Comptes,Point P,Marseille,60000 - 70000 € BRUT ANNUEL,,2026-10-06
5884105850,D1402,Responsable Grands Comptes,Michael Page,Boulogne-Billancourt,51000 € BRUT ANNUEL,,2026-10-06
5904385377,D1402,Responsable Grands Comptes - Marchés Publics,Acute Search,Nanterre,80000 - 100000 € BRUT ANNUEL,,2026-10-06
5879985623,D1402,Key Account Manager / Responsable Grands Comptes,Orso & Paoli,Lille,55000 - 70000 € BRUT ANNUEL,,2026-10-06
5913243967,D1402,Responsable Grands Comptes,Groupe Saint Gobain,Marseille,60000 - 70000 € BRUT ANNUEL,,2026-10-06
5887583530,D1402,Chargé de clientèle Grands Comptes,Financepeople,Poissy,30000 € BRUT ANNUEL,,2026-10-06
5890811218,D1402,Responsable grands comptes,Groupe Idea,Paris,75000 € BRUT ANNUEL,,2026-10-06
5907876569,D1402,Responsable Grands Comptes Gaz industriels,Crit Experts Et Cadres,Savigny-Le-Temple,60000 - 90000 € BRUT ANNUEL,,2026-10-06
5884342080,D1402,Responsable grands comptes,Groupe Idea,Lyon,75000 € BRUT ANNUEL,,2026-10-06
5903813503,D1402,Responsable Grands Comptes,Mecachrome,Blagnac,50000 - 60000 € BRUT ANNUEL,,2026-10-06
5903840028,D1402,Responsable Grands comptes en assurance construction,Talentis Rh Finance,Toulouse,45000 - 65000 € BRUT ANNUEL,,2026-10-06
5884502169,D1402,Responsable Grands Comptes Assurances Collectives,Alveor,Paris,75000 - 85000 € BRUT ANNUEL,,2026-10-06
5893874872,D1402,Gestionnaire clients Grands Comptes,Mercato De L'Emploi,Montrouge,30000 - 34000 € BRUT ANNUEL,,2026-10-06
5906843685,D1402,Responsable grands comptes,Fed Group,Dijon,45000 - 50000 € BRUT ANNUEL,,2026-10-06
5905508892,D1402,Commercial Grands Comptes - Solutions de financement,M&J Trusted Partners,Toulouse,40000 - 60000 € BRUT ANNUEL,,2026-10-06
5882779001,D1402,Account Executive Grands Comptes,Muchbetter.Ai,Paris,70000 - 100000 € BRUT ANNUEL,,2026-10-06
5912348342,D1402,Responsable Grands Comptes et développement commercial,Voluntae,Lille,60000 - 65000 € BRUT ANNUEL,,2026-10-06
5887582868,D1402,Chargé d'affaires Grands Comptes,Vivertis,Meylan,35000 - 50000 € BRUT ANNUEL,,2026-10-06
5893855355,D1402,Chargé d'affaires grands comptes,Le Cabinet Rh - Lcrh,Paris,50000 - 60000 € BRUT ANNUEL,,2026-10-06
5887960465,D1402,Account Manager,Isoft,Saint-Aubin,60000 - 100000 € BRUT ANNUEL,,2026-10-06
5898159778,D1402,Account Manager,Woven Partners,Paris,45000 - 65000 € BRUT ANNUEL,,2026-10-06
5884105309,D1402,Account Manager,Impactup Cabinet Conseil,Paris,55000 - 75000 € BRUT ANNUEL,,2026-10-06
5884105559,D1402,Account Manager - SaaS,Uptoo,Paris,50000 - 78000 € BRUT ANNUEL,,2026-10-06
5887574582,D1402,Account manager (Chargé de comptes),Bridge Rh & Associés,Dijon,38000 - 48000 € BRUT ANNUEL,,2026-10-06
5890558878,D1402,Account manager (Chargé de comptes),Bridge Rh & Associés,Gennevilliers,38000 - 48000 € BRUT ANNUEL,,2026-10-06
5886027011,D1402,Senior Account Manager,Randstad Digital France,Nantes,40000 - 60000 € BRUT ANNUEL,,2026-10-06
5910214733,D1402,Account Manager,Safety-Kleen France,Grigny,30000 € BRUT ANNUEL,,2026-10-06
5913242087,D1402,Account Manager,Safetykleen,Lille,30000 - 50000 € BRUT ANNUEL,,2026-10-06
5889147721,D1402,Account manager,Prodigy Agency,Toulouse,30000 - 33000 € BRUT ANNUEL,,2026-10-06
5893883307,D1402,Account manager,Les Filles Et Les Garçons,Paris,35000 - 60000 € BRUT ANNUEL,,2026-10-06
5889146780,D1402,Account Manager BtoB Informatique & Télécom,Plein Sud Communication,Montrabé,45000 - 60000 € BRUT ANNUEL,,2026-10-06
5887582027,D1402,Account Manager,Lynkus,Dreux,45000 - 50000 € BRUT ANNUEL,,2026-10-06
5884105720,D1402,Account Executive Grands Comptes - Scale-Up,Well Matched,Paris,75000 - 100000 € BRUT ANNUEL,,2026-10-06
5903500301,D1402,Commercial Grands Comptes,Clim Plus,Maisons-Alfort,30000 - 36000 € BRUT ANNUEL,,2026-10-06
5893874421,D1402,Senior Account Executive Grands Comptes,Hellowork,Rennes,47000 - 52000 € BRUT ANNUEL,,2026-10-06
5913243659,D1402,Ingénieur d'Affaires Grands Comptes,Anaveo,Aix-En-Provence,70000 - 90000 € BRUT ANNUEL,,2026-10-06
5885632766,D1402,Chargé d'Affaires Grands Comptes IRVE,Md Skills,Paris,40000 - 60000 € BRUT ANNUEL,,2026-10-06
5884105815,D1402,Commercial Grands Comptes - Consumer & Retail,Uptoo,Courbevoie,80000 - 90000 € BRUT ANNUEL,,2026-10-06
5884105769,D1402,Commercial Grands Comptes - Transport,Uptoo,Courbevoie,90000 - 130000 € BRUT ANNUEL,,2026-10-06
5879882596,D1509,Responsable régional Retail,Literie Valentin,Quimper,30000 - 40000 € BRUT ANNUEL,,2026-10-06
5902553229,D1509,Manager multisites,Foodiz Deli,Abbeville,33000 - 40000 € BRUT ANNUEL,,2026-10-06
5887188798,D1301,Store Manager,Bureau Des Talents,Thiais,40000 € BRUT ANNUEL,,2026-10-06
5875250015,D1301,Directeur de magasin - Bureau Vallée,Workop,Challans,36000 € BRUT ANNUEL,,2026-10-06
