id,rome,intitule,entreprise,lieu,salaire,contrat,date,recupere_le
descours-cabaud/jobs/responsable-de-magasin-f-h_valreas_DC_XpwQ0p,D1301,Responsable de Magasin (F/H),DESCOURS & CABAUD,Valréas,30K à 35K € par an,CDI,2026-09-09,2026-10-06
groupement-les-mousquetaires/jobs/responsable-de-magasin_libercourt,D1301,RESPONSABLE DE MAGASIN,Groupement Mousquetaires,Libercourt,2K par mois,CDI,2026-09-18,2026-10-06
passage-du-desir/jobs/responsable-de-magasin-h-f_paris_PDD_1k3kp7L,D1301,Responsable de magasin H/F,Passage Du Désir,Paris,"2,5K à 3K € par mois",CDI,2026-08-30,2026-10-06
groupe-bpce/jobs/responsable-point-de-vente-h-f_clermont-ferrand,D1302,Responsable Point de Vente (H/F),Groupe BPCE,Clermont-Ferrand,28K à 32K € par an,CDI,2026-09-23,2026-10-06
kiabi/jobs/_directeur-adjoint-magasin-h-f-nb_perpignan,D1301,DIRECTEUR ADJOINT MAGASIN (H/F/NB),Kiabi,Perpignan,"2,9K €+ par mois",CDI,2026-08-21,2026-10-06
auchan/jobs/directeur-de-magasin-f-h_tours_AUCHA_1y4QA26,D1301,Directeur de magasin F/H,Auchan,Tours,40K à 50K € par an,CDI,2026-06-04,2026-10-06
auchan/jobs/directeur-de-magasin-f-h_houilles,D1301,Directeur de magasin F/H,Auchan,Houilles,40K à 50K € par an,CDI,2026-09-10,2026-10-06
auchan/jobs/directeur-de-magasin-f-h_saint-jean-de-bournay,D1301,Directeur de magasin F/H,Auchan,Saint-Jean-de-Bournay,40K à 50K € par an,CDI,2026-08-17,2026-10-06
auchan/jobs/directeur-de-magasin-f-h_cahors,D1301,Directeur de magasin F/H,Auchan,Cahors,"41,2K à 41,9K € par an",CDI,2026-08-25,2026-10-06
auchan/jobs/directeur-de-magasin-f-h_mennecy,D1301,Directeur de magasin F/H,Auchan,Mennecy,40K à 50K € par an,CDI,2026-09-29,2026-10-06
groupement-les-mousquetaires/jobs/chef-de-magasin-operationel_gray,D1301,Chef de magasin operationel,Groupement Mousquetaires,Gray,3K par mois,CDI,2026-10-03,2026-10-06
carrefour/jobs/directeur-de-magasin-junior-supermarche-f-h_la-madeleine,D1301,Directeur de magasin junior - Supermarché (F/H),Carrefour,La Madeleine,3 000 à 3 057 € par mois,CDI,2026-09-08,2026-10-06
carrefour/jobs/directeur-de-magasin-junior-supermarche-f-h_calais_CARRE_GqOdy9y,D1301,Directeur de magasin junior - Supermarché (F/H),Carrefour,Calais,"3,3K € par mois",CDI,2026-09-08,2026-10-06
carrefour/jobs/directeur-de-magasin-junior-supermarche-f-h_calais,D1301,Directeur de magasin junior - Supermarché (F/H),Carrefour,Calais,3 000 à 3 057 € par mois,CDI,2026-09-08,2026-10-06
carrefour/jobs/manager-de-magasin-junior-f-h-supermarche_avesnelles,D1301,Manager de magasin junior (F/H) - Supermarché,Carrefour,Avesnelles,"3,1K € par mois",CDI,2026-08-13,2026-10-06
carrefour/jobs/manager-de-magasin-junior-supermarche-f-h_saint-pierre-les-nemours,D1301,Manager de magasin junior - Supermarché (F/H),Carrefour,Saint-Pierre-lès-Nemours,"39,4K à 40,9K € par an",CDI,2026-08-11,2026-10-06
descours-cabaud/jobs/responsable-de-point-de-vente-f-h_begles,D1302,Responsable de point de vente (F/H),DESCOURS & CABAUD,Bègles,40K à 45K € par an,CDI,2026-09-24,2026-10-06
groupement-les-mousquetaires/jobs/directeur-adjoint-de-magasin-h-f_lyon_GM_MNpDLXg,D1301,DIRECTEUR Adjoint DE MAGASIN (H/F),Groupement Mousquetaires,Lyon,3K par mois,CDI,2026-08-28,2026-10-06
decathlon/jobs/manager-commerce-h-f-sur-un-magasin-de-la-region-bourgogne-franche-comte_dijon_DECAT_LbjQNO9,D1301,Manager Commerce (H/F) sur un magasin de la Région Bourgogne Franche-Comté,Decathlon,Dijon,"2,6K € par mois",CDI,2026-10-03,2026-10-06
onatera/jobs/responsable-magasin-h-f_paris_ONATE_2gKKNWr,D1301,Responsable Magasin H/F,Onatera,Paris,38K à 45K € par an,CDI,2026-08-17,2026-10-06
devialet/jobs/pop-up-store-manager-responsable-pop-up-fnac-h-f-paris-montparnasse_paris,D1302,Pop-Up Store Manager / Responsable Pop-Up FNAC (H/F) – Paris Montparnasse,Devialet,Paris,"< 25,7K € par an",CDI,2026-09-17,2026-10-06
