date,rome,total,recuperees,nouvelles,modifiees
2026-09-29,D1301,38,38,0,0
2026-09-29,D1302,1732,1150,0,0
2026-09-29,D1401,1312,1150,1150,0
2026-09-29,D1402,546,546,0,0
2026-09-29,D1406,440,440,440,0
2026-09-29,D1407,1968,1150,1150,0
2026-09-29,D1409,672,672,672,0
2026-09-29,D1414,1,1,1,0
2026-09-29,D1420,477,477,477,0
2026-09-29,D1429,149,149,149,0
2026-09-29,D1431,233,233,233,0
2026-09-29,D1433,101,101,101,0
2026-09-29,D1444,130,130,130,0
2026-09-29,D1509,668,668,0,0
2026-09-29,H1102,596,596,0,0
2026-09-29,M1101,852,852,852,0
2026-09-29,M1102,337,337,337,0
2026-09-29,M1703,294,294,294,0
2026-09-29,M1704,876,876,0,0
2026-09-29,M1707,970,970,0,0
2026-09-29,M1715,538,538,538,0
2026-09-29,N1201,195,195,195,0
2026-09-29,N1202,183,183,183,0
2026-09-29,N1203,96,96,96,0
2026-09-29,N1204,21,21,21,0
2026-09-29,N1205,8,8,8,0
2026-09-29,N1301,647,647,647,0
2026-09-29,N4106,10,10,10,0
